Visit Date,Contact,Visit Reason,Name,Branch Name
2025-01-20T09:00:00.000Z,003dM000005H5A5QAK,ATM machine out of service report: Detailed explanation and steps taken.,Branch Visit 1,Branch-1
2025-01-20T09:00:00.000Z,003dM000005H5A5QAK,Request for cheque deposit assistance: Detailed explanation and steps taken.,Branch Visit 2,Branch-2
2025-01-20T09:00:00.000Z,003dM000005H5A5QAK,Discussion on home loan eligibility: Detailed explanation and steps taken.,Branch Visit 3,Branch-3
2025-01-20T09:00:00.000Z,003dM000005H5A5QAK,Complaint about long wait times in the branch: Detailed explanation and steps taken.,Branch Visit 4,Branch-4
2025-01-20T09:00:00.000Z,003dM000005H5A5QAK,Feedback on customer service quality: Detailed explanation and steps taken.,Branch Visit 5,Branch-5
2025-01-20T09:00:00.000Z,003dM000005H5A5QAK,Application for a new debit card: Detailed explanation and steps taken.,Branch Visit 6,Branch-6
2025-01-20T09:00:00.000Z,003dM000005H5A5QAK,Rectification of incorrect account details: Detailed explanation and steps taken.,Branch Visit 7,Branch-7
2025-01-20T09:00:00.000Z,003dM000005H5A5QAK,Inquiry about investment opportunities: Detailed explanation and steps taken.,Branch Visit 8,Branch-8
2025-01-20T09:00:00.000Z,003dM000005H5A5QAK,Cash deposit exceeding daily limit: Detailed explanation and steps taken.,Branch Visit 9,Branch-9
2025-01-20T09:00:00.000Z,003dM000005H5A5QAK,Account closure due to relocation: Detailed explanation and steps taken.,Branch Visit 10,Branch-10
2025-01-20T09:00:00.000Z,003dM000005H5A6QAK,ATM machine out of service report: Detailed explanation and steps taken.,Branch Visit 11,Branch-11
2025-01-20T09:00:00.000Z,003dM000005H5A6QAK,Request for cheque deposit assistance: Detailed explanation and steps taken.,Branch Visit 12,Branch-12
2025-01-20T09:00:00.000Z,003dM000005H5A6QAK,Discussion on home loan eligibility: Detailed explanation and steps taken.,Branch Visit 13,Branch-13
2025-01-20T09:00:00.000Z,003dM000005H5A6QAK,Complaint about long wait times in the branch: Detailed explanation and steps taken.,Branch Visit 14,Branch-14
2025-01-20T09:00:00.000Z,003dM000005H5A6QAK,Feedback on customer service quality: Detailed explanation and steps taken.,Branch Visit 15,Branch-15
2025-01-20T09:00:00.000Z,003dM000005H5A6QAK,Application for a new debit card: Detailed explanation and steps taken.,Branch Visit 16,Branch-16
2025-01-20T09:00:00.000Z,003dM000005H5A6QAK,Rectification of incorrect account details: Detailed explanation and steps taken.,Branch Visit 17,Branch-17
2025-01-20T09:00:00.000Z,003dM000005H5A6QAK,Inquiry about investment opportunities: Detailed explanation and steps taken.,Branch Visit 18,Branch-18
2025-01-20T09:00:00.000Z,003dM000005H5A6QAK,Cash deposit exceeding daily limit: Detailed explanation and steps taken.,Branch Visit 19,Branch-19
2025-01-20T09:00:00.000Z,003dM000005H5A6QAK,Account closure due to relocation: Detailed explanation and steps taken.,Branch Visit 20,Branch-20
2025-01-20T09:00:00.000Z,003dM000005H5A7QAK,ATM machine out of service report: Detailed explanation and steps taken.,Branch Visit 21,Branch-21
2025-01-20T09:00:00.000Z,003dM000005H5A7QAK,Request for cheque deposit assistance: Detailed explanation and steps taken.,Branch Visit 22,Branch-22
2025-01-20T09:00:00.000Z,003dM000005H5A7QAK,Discussion on home loan eligibility: Detailed explanation and steps taken.,Branch Visit 23,Branch-23
2025-01-20T09:00:00.000Z,003dM000005H5A7QAK,Complaint about long wait times in the branch: Detailed explanation and steps taken.,Branch Visit 24,Branch-24
2025-01-20T09:00:00.000Z,003dM000005H5A7QAK,Feedback on customer service quality: Detailed explanation and steps taken.,Branch Visit 25,Branch-25
2025-01-20T09:00:00.000Z,003dM000005H5A7QAK,Application for a new debit card: Detailed explanation and steps taken.,Branch Visit 26,Branch-26
2025-01-20T09:00:00.000Z,003dM000005H5A7QAK,Rectification of incorrect account details: Detailed explanation and steps taken.,Branch Visit 27,Branch-27
2025-01-20T09:00:00.000Z,003dM000005H5A7QAK,Inquiry about investment opportunities: Detailed explanation and steps taken.,Branch Visit 28,Branch-28
2025-01-20T09:00:00.000Z,003dM000005H5A7QAK,Cash deposit exceeding daily limit: Detailed explanation and steps taken.,Branch Visit 29,Branch-29
2025-01-20T09:00:00.000Z,003dM000005H5A7QAK,Account closure due to relocation: Detailed explanation and steps taken.,Branch Visit 30,Branch-30
2025-01-20T09:00:00.000Z,003dM000005H5A8QAK,ATM machine out of service report: Detailed explanation and steps taken.,Branch Visit 31,Branch-31
2025-01-20T09:00:00.000Z,003dM000005H5A8QAK,Request for cheque deposit assistance: Detailed explanation and steps taken.,Branch Visit 32,Branch-32
2025-01-20T09:00:00.000Z,003dM000005H5A8QAK,Discussion on home loan eligibility: Detailed explanation and steps taken.,Branch Visit 33,Branch-33
2025-01-20T09:00:00.000Z,003dM000005H5A8QAK,Complaint about long wait times in the branch: Detailed explanation and steps taken.,Branch Visit 34,Branch-34
2025-01-20T09:00:00.000Z,003dM000005H5A8QAK,Feedback on customer service quality: Detailed explanation and steps taken.,Branch Visit 35,Branch-35
2025-01-20T09:00:00.000Z,003dM000005H5A8QAK,Application for a new debit card: Detailed explanation and steps taken.,Branch Visit 36,Branch-36
2025-01-20T09:00:00.000Z,003dM000005H5A8QAK,Rectification of incorrect account details: Detailed explanation and steps taken.,Branch Visit 37,Branch-37
2025-01-20T09:00:00.000Z,003dM000005H5A8QAK,Inquiry about investment opportunities: Detailed explanation and steps taken.,Branch Visit 38,Branch-38
2025-01-20T09:00:00.000Z,003dM000005H5A8QAK,Cash deposit exceeding daily limit: Detailed explanation and steps taken.,Branch Visit 39,Branch-39
2025-01-20T09:00:00.000Z,003dM000005H5A8QAK,Account closure due to relocation: Detailed explanation and steps taken.,Branch Visit 40,Branch-40